{
    "root_group": {
        "checks": {
            "status is 200": {
                "name": "status is 200",
                "path": "::status is 200",
                "id": "6210a8cd14cd70477eba5c5e4cb3fb5f",
                "passes": 2593,
                "fails": 3
            }
        },
        "name": "",
        "path": "",
        "id": "d41d8cd98f00b204e9800998ecf8427e",
        "groups": {}
    },
    "metrics": {
        "http_reqs": {
            "count": 2596,
            "rate": 4.115775180069585
        },
        "http_req_duration{expected_response:true}": {
            "p(90)": 18.2469808,
            "p(95)": 19.2438204,
            "avg": 99.36328642769031,
            "min": 1.82442,
            "med": 7.846758,
            "max": 34754.167704
        },
        "iterations": {
            "count": 2596,
            "rate": 4.115775180069585
        },
        "http_req_receiving": {
            "avg": 0.24082949460708747,
            "min": 0,
            "med": 0.09172,
            "max": 74.154306,
            "p(90)": 0.55854,
            "p(95)": 0.6132417499999999
        },
        "http_req_failed": {
            "passes": 3,
            "fails": 2593,
            "thresholds": {
                "rate<0.01": false
            },
            "value": 0.0011556240369799693
        },
        "http_req_connecting": {
            "max": 1.28879,
            "p(90)": 0,
            "p(95)": 0,
            "avg": 0.0023298717257318954,
            "min": 0,
            "med": 0
        },
        "checks": {
            "passes": 2593,
            "fails": 3,
            "value": 0.99884437596302
        },
        "http_req_sending": {
            "p(90)": 0.0938095,
            "p(95)": 0.1032425,
            "avg": 0.07761014753466877,
            "min": 0.02344,
            "med": 0.0783795,
            "max": 0.2907
        },
        "http_req_duration": {
            "avg": 168.58676321301965,
            "min": 1.82442,
            "med": 7.848504,
            "max": 60001.050898,
            "p(90)": 18.2724575,
            "p(95)": 19.289448750000002,
            "thresholds": {
                "p(95)<800": false
            }
        },
        "http_req_waiting": {
            "p(90)": 18.0663175,
            "p(95)": 19.060037,
            "avg": 168.26832357087824,
            "min": 1.73913,
            "med": 7.2873635,
            "max": 60000.966718
        },
        "http_req_tls_handshaking": {
            "avg": 11.757867352080122,
            "min": 0,
            "med": 0,
            "max": 30333.988972,
            "p(90)": 0,
            "p(95)": 0
        },
        "iteration_duration": {
            "p(95)": 1938.252073,
            "avg": 1422.594603277352,
            "min": 503.79288,
            "med": 1249.5684295,
            "max": 61951.296734,
            "p(90)": 1855.314823
        },
        "http_req_blocked": {
            "avg": 11.761524753081789,
            "min": 0.0002,
            "med": 0.00055,
            "max": 30335.438721,
            "p(90)": 0.00068,
            "p(95)": 0.0008
        },
        "vus_max": {
            "value": 10,
            "min": 10,
            "max": 10
        },
        "vus": {
            "value": 1,
            "min": 1,
            "max": 10
        },
        "data_received": {
            "count": 34740737,
            "rate": 55078.99194218995
        },
        "data_sent": {
            "count": 213640,
            "rate": 338.7111746803028
        }
    }
}