{
    "metrics": {
        "http_req_failed": {
            "passes": 0,
            "fails": 61475,
            "thresholds": {
                "rate<0.01": false
            },
            "value": 0
        },
        "data_sent": {
            "count": 5174701,
            "rate": 15604.751474181337
        },
        "http_req_duration": {
            "max": 2806.074232,
            "p(90)": 36.23220659999999,
            "p(95)": 52.43114799999999,
            "avg": 18.082217736803724,
            "min": 1.726951,
            "med": 10.681035,
            "thresholds": {
                "p(95)<800": false
            }
        },
        "iteration_duration": {
            "avg": 1270.9435105500324,
            "min": 503.222407,
            "med": 1272.682029,
            "max": 4610.437871,
            "p(90)": 1869.9034764,
            "p(95)": 1943.7940288999998
        },
        "http_req_sending": {
            "avg": 0.040551678796257005,
            "min": 0.01514,
            "med": 0.03278,
            "max": 4.713423,
            "p(90)": 0.07075,
            "p(95)": 0.07874299999999997
        },
        "http_req_waiting": {
            "p(95)": 52.13170469999996,
            "avg": 17.816201297632983,
            "min": 1.663301,
            "med": 10.154285,
            "max": 2805.938282,
            "p(90)": 36.000252599999996
        },
        "iterations": {
            "count": 61475,
            "rate": 185.3830968929988
        },
        "http_req_receiving": {
            "avg": 0.22546476037413682,
            "min": 0.01081,
            "med": 0.08212,
            "max": 9.848534,
            "p(90)": 0.6476639999999999,
            "p(95)": 0.7341863
        },
        "vus": {
            "min": 5,
            "max": 399,
            "value": 8
        },
        "data_received": {
            "count": 774290768,
            "rate": 2334939.7392029027
        },
        "http_req_duration{expected_response:true}": {
            "p(90)": 36.23220659999999,
            "p(95)": 52.43114799999999,
            "avg": 18.082217736803724,
            "min": 1.726951,
            "med": 10.681035,
            "max": 2806.074232
        },
        "http_req_blocked": {
            "p(90)": 0.00059,
            "p(95)": 0.00066,
            "avg": 0.12632849694996287,
            "min": 0.00014,
            "med": 0.00036,
            "max": 39.117471
        },
        "http_req_connecting": {
            "p(90)": 0,
            "p(95)": 0,
            "avg": 0.003153814363562426,
            "min": 0,
            "med": 0,
            "max": 16.141148
        },
        "http_req_tls_handshaking": {
            "p(95)": 0,
            "avg": 0.12190204606750701,
            "min": 0,
            "med": 0,
            "max": 38.6809,
            "p(90)": 0
        },
        "checks": {
            "fails": 0,
            "passes": 61475,
            "value": 1
        },
        "vus_max": {
            "value": 400,
            "min": 400,
            "max": 400
        },
        "http_reqs": {
            "count": 61475,
            "rate": 185.3830968929988
        }
    },
    "root_group": {
        "checks": {
            "status is 200": {
                "name": "status is 200",
                "path": "::status is 200",
                "id": "6210a8cd14cd70477eba5c5e4cb3fb5f",
                "passes": 61475,
                "fails": 0
            }
        },
        "name": "",
        "path": "",
        "id": "d41d8cd98f00b204e9800998ecf8427e",
        "groups": {}
    }
}