{
    "root_group": {
        "id": "d41d8cd98f00b204e9800998ecf8427e",
        "groups": {},
        "checks": {
                "status is 200": {
                    "id": "6210a8cd14cd70477eba5c5e4cb3fb5f",
                    "passes": 61538,
                    "fails": 0,
                    "name": "status is 200",
                    "path": "::status is 200"
                }
            },
        "name": "",
        "path": ""
    },
    "metrics": {
        "iterations": {
            "count": 61538,
            "rate": 185.55463793804168
        },
        "vus_max": {
            "value": 400,
            "min": 400,
            "max": 400
        },
        "http_req_failed": {
            "passes": 0,
            "fails": 61538,
            "thresholds": {
                "rate<0.01": false
            },
            "value": 0
        },
        "http_reqs": {
            "count": 61538,
            "rate": 185.55463793804168
        },
        "http_req_tls_handshaking": {
            "avg": 0.12040485695017716,
            "min": 0,
            "med": 0,
            "max": 82.257529,
            "p(90)": 0,
            "p(95)": 0
        },
        "checks": {
            "passes": 61538,
            "fails": 0,
            "value": 1
        },
        "data_received": {
            "count": 787420271,
            "rate": 2374296.910697125
        },
        "http_req_receiving": {
            "avg": 0.20843006035295367,
            "min": 0.01338,
            "med": 0.0800955,
            "max": 13.463926,
            "p(90)": 0.588503,
            "p(95)": 0.6641189499999999
        },
        "http_req_duration{expected_response:true}": {
            "avg": 21.644876565536816,
            "min": 1.453111,
            "med": 8.727069499999999,
            "max": 2198.360872,
            "p(90)": 28.124837100000008,
            "p(95)": 39.859923049999956
        },
        "http_req_blocked": {
            "avg": 0.12472172293540737,
            "min": 0.00014,
            "med": 0.00037,
            "max": 82.706069,
            "p(90)": 0.00061,
            "p(95)": 0.0007
        },
        "iteration_duration": {
            "avg": 1269.7303821860946,
            "min": 502.269909,
            "med": 1265.7999730000001,
            "max": 3926.764618,
            "p(90)": 1870.5489123,
            "p(95)": 1947.6920289999998
        },
        "http_req_sending": {
            "avg": 0.04425102164516243,
            "min": 0.01565,
            "med": 0.03622,
            "max": 2.413308,
            "p(90)": 0.07456,
            "p(95)": 0.08197299999999988
        },
        "http_req_waiting": {
            "avg": 21.392195483538632,
            "min": 1.385131,
            "med": 8.229963999999999,
            "max": 2198.282952,
            "p(90)": 27.895301500000002,
            "p(95)": 39.63933409999997
        },
        "vus": {
            "value": 2,
            "min": 2,
            "max": 399
        },
        "data_sent": {
            "count": 5211577,
            "rate": 15714.39246191338
        },
        "http_req_duration": {
            "min": 1.453111,
            "med": 8.727069499999999,
            "max": 2198.360872,
            "p(90)": 28.124837100000008,
            "p(95)": 39.859923049999956,
            "avg": 21.644876565536816,
            "thresholds": {
                "p(95)<800": false
            }
        },
        "http_req_connecting": {
            "max": 16.180583,
            "p(90)": 0,
            "p(95)": 0,
            "avg": 0.002960116367122752,
            "min": 0,
            "med": 0
        }
    }
}